{
	"ambientocclusion": false,
	"textures": {
		"1": "block/beetroots_stage3",
		"2": "block/beetroots_base",
		"particle": "block/beetroots_stage3"
	},
	"elements": [
		{
			"from": [4, 1, 0],
			"to": [4, 15, 16],
			"faces": {
				"east": {"uv": [0, 0, 16, 14], "texture": "#1"},
				"west": {"uv": [0, 0, 16, 14], "texture": "#1"}
			}
		},
		{
			"from": [12, 1, 0],
			"to": [12, 15, 16],
			"faces": {
				"east": {"uv": [0, 0, 16, 14], "texture": "#1"},
				"west": {"uv": [0, 0, 16, 14], "texture": "#1"}
			}
		},
		{
			"from": [0, 1, 4],
			"to": [16, 15, 4],
			"faces": {
				"north": {"uv": [0, 0, 16, 14], "texture": "#1"},
				"south": {"uv": [0, 0, 16, 14], "texture": "#1"}
			}
		},
		{
			"from": [0, 1, 12],
			"to": [16, 15, 12],
			"faces": {
				"north": {"uv": [0, 0, 16, 14], "texture": "#1"},
				"south": {"uv": [0, 0, 16, 14], "texture": "#1"}
			}
		},
		{
			"from": [6, -1, 11.5],
			"to": [9, 1, 13.5],
			"faces": {
				"north": {"uv": [7, 14, 10, 16], "texture": "#2"},
				"east": {"uv": [7, 14, 9, 16], "texture": "#1"},
				"south": {"uv": [10, 14, 13, 16], "texture": "#2"},
				"west": {"uv": [10, 14, 12, 16], "texture": "#2"},
				"up": {"uv": [10, 11, 13, 13], "texture": "#2"},
				"down": {"uv": [10, 11, 13, 13], "texture": "#2"}
			}
		},
		{
			"from": [2.5, -1, 2.5],
			"to": [5.5, 1, 4.5],
			"faces": {
				"north": {"uv": [10, 11, 13, 13], "texture": "#2"},
				"east": {"uv": [7, 14, 9, 16], "texture": "#1"},
				"south": {"uv": [3, 14, 6, 16], "texture": "#2"},
				"west": {"uv": [3, 14, 5, 16], "texture": "#2"},
				"up": {"uv": [10, 11, 13, 13], "texture": "#2"},
				"down": {"uv": [10, 11, 13, 13], "texture": "#2"}
			}
		},
		{
			"from": [11.5, -1, 7],
			"to": [13.5, 1, 10],
			"faces": {
				"north": {"uv": [3, 14, 5, 16], "texture": "#2"},
				"east": {"uv": [10, 11, 13, 13], "texture": "#2"},
				"south": {"uv": [7, 14, 9, 16], "texture": "#1"},
				"west": {"uv": [7, 14, 10, 16], "texture": "#2"},
				"up": {"uv": [2, 10, 4, 13], "texture": "#2"},
				"down": {"uv": [2, 10, 4, 13], "texture": "#2"}
			}
		},
		{
			"from": [2.5, -1, 6],
			"to": [4.5, 1, 9],
			"faces": {
				"north": {"uv": [10, 14, 12, 16], "texture": "#2"},
				"east": {"uv": [7, 14, 10, 16], "texture": "#2"},
				"south": {"uv": [7, 14, 9, 16], "texture": "#1"},
				"west": {"uv": [10, 11, 13, 13], "texture": "#2"},
				"up": {"uv": [2, 10, 4, 13], "texture": "#2"},
				"down": {"uv": [2, 10, 4, 13], "texture": "#2"}
			}
		},
		{
			"from": [2.5, -1, 10.5],
			"to": [4.5, 1, 13.5],
			"faces": {
				"north": {"uv": [10, 14, 12, 16], "texture": "#2"},
				"east": {"uv": [3, 14, 6, 16], "texture": "#2"},
				"south": {"uv": [3, 14, 5, 16], "texture": "#2"},
				"west": {"uv": [10, 14, 13, 16], "texture": "#2"},
				"up": {"uv": [2, 10, 4, 13], "texture": "#2"},
				"down": {"uv": [2, 10, 4, 13], "texture": "#2"}
			}
		},
		{
			"from": [11.5, -1, 2.5],
			"to": [13.5, 1, 5.5],
			"faces": {
				"north": {"uv": [3, 14, 5, 16], "texture": "#2"},
				"east": {"uv": [10, 14, 13, 16], "texture": "#2"},
				"south": {"uv": [10, 14, 12, 16], "texture": "#2"},
				"west": {"uv": [3, 14, 6, 16], "texture": "#2"},
				"up": {"uv": [2, 10, 4, 13], "texture": "#2"},
				"down": {"uv": [2, 10, 4, 13], "texture": "#2"}
			}
		},
		{
			"from": [10.5, -1, 11.5],
			"to": [13.5, 1, 13.5],
			"faces": {
				"north": {"uv": [3, 14, 6, 16], "texture": "#2"},
				"east": {"uv": [3, 14, 5, 16], "texture": "#2"},
				"south": {"uv": [10, 11, 13, 13], "texture": "#2"},
				"west": {"uv": [10, 14, 12, 16], "texture": "#2"},
				"up": {"uv": [10, 11, 13, 13], "texture": "#2"},
				"down": {"uv": [10, 11, 13, 13], "texture": "#2"}
			}
		},
		{
			"from": [7, -1, 2.5],
			"to": [10, 1, 4.5],
			"faces": {
				"north": {"uv": [10, 14, 13, 16], "texture": "#2"},
				"east": {"uv": [7, 14, 9, 16], "texture": "#1"},
				"south": {"uv": [7, 14, 10, 16], "texture": "#2"},
				"west": {"uv": [3, 14, 5, 16], "texture": "#2"},
				"up": {"uv": [10, 11, 13, 13], "texture": "#2"},
				"down": {"uv": [10, 11, 13, 13], "texture": "#2"}
			}
		}
	]
}