{
	"parent": "block/cube",
	"textures": {
		"5": "block/cartography_table_top_base",
		"bottom": "block/cartography_table_bottom",
		"top": "block/cartography_table_top_map",
		"side3": "block/cartography_table_side3",
		"particle": "block/cartography_table_side3",
		"side1": "block/cartography_table_side1",
		"side2": "block/cartography_table_side2"
	},
	"elements": [
		{
			"from": [0, 0, 0],
			"to": [16, 16, 16],
			"faces": {
				"north": {"uv": [0, 0, 16, 16], "texture": "#side3", "cullface": "north"},
				"east": {"uv": [0, 0, 16, 16], "texture": "#side3", "cullface": "east"},
				"south": {"uv": [0, 0, 16, 16], "texture": "#side1", "cullface": "south"},
				"west": {"uv": [0, 0, 16, 16], "texture": "#side2", "cullface": "west"},
				"up": {"uv": [0, 0, 16, 16], "texture": "#top", "cullface": "up"},
				"down": {"uv": [0, 0, 16, 16], "texture": "#bottom", "cullface": "down"}
			}
		},
		{
			"from": [2, 15.95, 2],
			"to": [6, 16.95, 6],
			"faces": {
				"north": {"uv": [2, 5, 6, 6], "texture": "#5"},
				"east": {"uv": [2, 5, 6, 6], "texture": "#5"},
				"south": {"uv": [2, 5, 6, 6], "texture": "#5"},
				"west": {"uv": [2, 2, 6, 3], "texture": "#5"},
				"up": {"uv": [2, 2, 6, 6], "texture": "#5"}
			}
		},
		{
			"from": [2, 15.95, 11],
			"to": [5, 16.95, 14],
			"faces": {
				"north": {"uv": [3, 9, 6, 10], "texture": "#5"},
				"east": {"uv": [3, 9, 6, 10], "texture": "#5"},
				"south": {"uv": [3, 9, 6, 10], "texture": "#5"},
				"west": {"uv": [3, 9, 6, 10], "texture": "#5"},
				"up": {"uv": [3, 8, 6, 11], "texture": "#5"}
			}
		},
		{
			"from": [3, 16.95, 12],
			"to": [7, 23.95, 13],
			"faces": {
				"north": {"uv": [2, 7, 6, 14], "texture": "#5"},
				"east": {"uv": [5, 10, 6, 12], "texture": "#5"},
				"south": {"uv": [2, 7, 6, 14], "texture": "#5"},
				"west": {"uv": [5, 12, 6, 14], "texture": "#5"},
				"up": {"uv": [2, 13, 6, 14], "texture": "#5"},
				"down": {"uv": [2, 13, 6, 14], "texture": "#5"}
			}
		},
		{
			"from": [1, 17.95, 10],
			"to": [6, 22.95, 15],
			"faces": {
				"north": {"uv": [6, 7, 11, 12], "texture": "#5"},
				"east": {"uv": [11, 7, 16, 12], "texture": "#5"},
				"south": {"uv": [6, 7, 11, 12], "texture": "#5"},
				"west": {"uv": [11, 7, 16, 12], "texture": "#5"},
				"up": {"uv": [11, 2, 16, 7], "texture": "#5"},
				"down": {"uv": [11, 2, 16, 7], "texture": "#5"}
			}
		}
	]
}