{
	"textures": {
		"texture": "block/fence_dark_oak1",
		"particle": "block/fence_dark_oak"
	},
	"elements": [
		{
			"name": "cube",
			"from": [6, 2, 10],
			"to": [10, 5, 16],
			"faces": {
				"east": {
					"uv": [0, 13, 6, 16],
					"texture": "#texture"
				},
				"south": {
					"uv": [6, 13, 10, 16],
					"texture": "#texture"
				},
				"west": {
					"uv": [10, 13, 16, 16],
					"texture": "#texture"
				},
				"up": {
					"uv": [6, 0, 10, 6],
					"rotation": 180,
					"texture": "#particle"
				},
				"down": {
					"uv": [10, 6, 6, 0],
					"rotation": 180,
					"texture": "#particle"
				}
			}
		},
		{
			"name": "cube",
			"from": [6, 13, 0],
			"to": [10, 16, 6],
			"faces": {
				"north": {
					"uv": [6, 0, 10, 3],
					"texture": "#texture"
				},
				"east": {
					"uv": [10, 0, 16, 3],
					"texture": "#texture"
				},
				"west": {"uv": [0, 0, 6, 3], "texture": "#texture"},
				"up": {
					"uv": [6, 10, 10, 16],
					"rotation": 180,
					"texture": "#particle"
				},
				"down": {
					"uv": [10, 16, 6, 10],
					"rotation": 180,
					"texture": "#particle"
				}
			}
		},
		{
			"name": "cube",
			"from": [10, 13, 6],
			"to": [16, 16, 10],
			"faces": {
				"north": {
					"uv": [0, 0, 6, 3],
					"texture": "#texture"
				},
				"east": {
					"uv": [6, 0, 10, 3],
					"texture": "#texture"
				},
				"south": {
					"uv": [10, 0, 16, 3],
					"texture": "#texture"
				},
				"up": {
					"uv": [6, 0, 10, 6],
					"rotation": 90,
					"texture": "#particle"
				},
				"down": {
					"uv": [10, 6, 6, 0],
					"rotation": 270,
					"texture": "#particle"
				}
			}
		},
		{
			"name": "cube",
			"from": [6, 13, 10],
			"to": [10, 16, 16],
			"faces": {
				"east": {"uv": [0, 0, 6, 3], "texture": "#texture"},
				"south": {
					"uv": [6, 0, 10, 3],
					"texture": "#texture"
				},
				"west": {
					"uv": [10, 0, 16, 3],
					"texture": "#texture"
				},
				"up": {
					"uv": [6, 0, 10, 6],
					"rotation": 180,
					"texture": "#particle"
				},
				"down": {
					"uv": [10, 6, 6, 0],
					"rotation": 180,
					"texture": "#particle"
				}
			}
		},
		{
			"name": "cube",
			"from": [6, 2, 0],
			"to": [10, 5, 6],
			"faces": {
				"north": {
					"uv": [6, 13, 10, 16],
					"texture": "#texture"
				},
				"east": {
					"uv": [10, 13, 16, 16],
					"texture": "#texture"
				},
				"west": {
					"uv": [0, 13, 6, 16],
					"texture": "#texture"
				},
				"up": {
					"uv": [6, 10, 10, 16],
					"rotation": 180,
					"texture": "#particle"
				},
				"down": {
					"uv": [10, 16, 6, 10],
					"rotation": 180,
					"texture": "#particle"
				}
			}
		},
		{
			"name": "cube",
			"from": [10, 2, 6],
			"to": [16, 5, 10],
			"faces": {
				"north": {
					"uv": [0, 13, 6, 16],
					"texture": "#texture"
				},
				"east": {
					"uv": [6, 13, 10, 16],
					"texture": "#texture"
				},
				"south": {
					"uv": [10, 13, 16, 16],
					"texture": "#texture"
				},
				"up": {
					"uv": [6, 0, 10, 6],
					"rotation": 90,
					"texture": "#particle"
				},
				"down": {
					"uv": [10, 6, 6, 0],
					"rotation": 270,
					"texture": "#particle"
				}
			}
		},
		{
			"name": "cube",
			"from": [6, 0, 6],
			"to": [10, 16, 10],
			"faces": {
				"north": {
					"uv": [6, 0, 10, 16],
					"texture": "#particle"
				},
				"east": {
					"uv": [6, 0, 10, 16],
					"texture": "#particle"
				},
				"south": {
					"uv": [6, 0, 10, 16],
					"texture": "#particle"
				},
				"west": {
					"uv": [6, 0, 10, 16],
					"texture": "#particle"
				},
				"up": {
					"uv": [6, 6, 10, 10],
					"texture": "#particle"
				},
				"down": {
					"uv": [6, 6, 10, 10],
					"texture": "#particle"
				}
			}
		},
		{
			"name": "cube",
			"from": [6.01, 16, 6.01],
			"to": [9.99, 18, 9.99],
			"faces": {
				"north": {
					"uv": [6, 14, 10, 16],
					"texture": "#particle"
				},
				"east": {
					"uv": [6, 14, 10, 16],
					"texture": "#particle"
				},
				"south": {
					"uv": [6, 14, 10, 16],
					"texture": "#particle"
				},
				"west": {
					"uv": [6, 14, 10, 16],
					"texture": "#particle"
				},
				"up": {"uv": [6, 6, 10, 10], "texture": "#particle"}
			}
		},
		{
			"name": "cube",
			"from": [6.01, -1, 6.01],
			"to": [9.99, 0, 9.99],
			"faces": {
				"north": {
					"uv": [6, 0, 10, 1],
					"texture": "#particle"
				},
				"east": {
					"uv": [6, 0, 10, 1],
					"texture": "#particle"
				},
				"south": {
					"uv": [6, 0, 10, 1],
					"texture": "#particle"
				},
				"west": {
					"uv": [6, 0, 10, 1],
					"texture": "#particle"
				},
				"down": {
					"uv": [6, 6, 10, 10],
					"texture": "#particle"
				}
			}
		}
	]
}