{
	"parent": "block/block",
	"textures": {
		"0": "block/fence_gate_dark_oak",
		"1": "block/fence_dark_oak",
		"texture": "block/fence_dark_oak1",
		"particle": "block/fence_dark_oak1"
	},
	"elements": [
		{
			"name": "cube",
			"from": [0, 0, 6],
			"to": [1, 16, 10],
			"faces": {
				"north": {"uv": [15, 0, 16, 16], "texture": "#0"},
				"east": {
					"uv": [6, 0, 10, 16],
					"texture": "#1"
				},
				"south": {"uv": [0, 0, 1, 16], "texture": "#0"},
				"west": {
					"uv": [6, 0, 10, 16],
					"texture": "#1"
				},
				"up": {"uv": [15, 0, 16, 4], "texture": "#0"},
				"down": {"uv": [15, 0, 16, 4], "texture": "#0"}
			}
		},
		{
			"name": "cube",
			"from": [13, 16, 21],
			"to": [17, 17, 22],
			"faces": {
				"north": {"uv": [6, 15, 10, 16], "texture": "#1"},
				"east": {
					"uv": [0, 15, 1, 16],
					"texture": "#0"
				},
				"south": {"uv": [6, 15, 10, 16], "texture": "#1"},
				"west": {
					"uv": [0, 15, 1, 16],
					"texture": "#0"
				},
				"up": {"uv": [6, 15, 10, 16], "texture": "#0"}
			}
		},
		{
			"name": "cube",
			"from": [0, 16, 6],
			"to": [1, 17, 10],
			"faces": {
				"north": {"uv": [15, 15, 16, 16], "texture": "#0"},
				"east": {
					"uv": [6, 15, 10, 16],
					"texture": "#1"
				},
				"south": {"uv": [15, 15, 16, 16], "texture": "#0"},
				"west": {
					"uv": [6, 15, 10, 16],
					"texture": "#1"
				},
				"up": {"uv": [0, 0, 1, 4], "texture": "#0"}
			}
		},
		{
			"name": "cube",
			"from": [14, 16, 6],
			"to": [16, 17, 10],
			"faces": {
				"north": {"uv": [0, 15, 2, 16], "texture": "#0"},
				"east": {
					"uv": [6, 15, 10, 16],
					"texture": "#1"
				},
				"south": {"uv": [14, 15, 16, 16], "texture": "#0"},
				"west": {
					"uv": [6, 15, 10, 16],
					"texture": "#1"
				},
				"up": {"uv": [14, 0, 16, 4], "texture": "#0"}
			}
		},
		{
			"name": "cube",
			"from": [14, 0, 6],
			"to": [16, 16, 10],
			"faces": {
				"north": {"uv": [0, 0, 2, 16], "texture": "#0"},
				"east": {
					"uv": [6, 0, 10, 16],
					"texture": "#1"
				},
				"south": {"uv": [14, 0, 16, 16], "texture": "#0"},
				"west": {
					"uv": [6, 0, 10, 16],
					"texture": "#1"
				},
				"up": {"uv": [14, 0, 16, 4], "texture": "#0"},
				"down": {"uv": [14, 0, 16, 4], "texture": "#0"}
			}
		},
		{
			"name": "cube",
			"from": [14.05, 2, 9],
			"to": [15.950000000000001, 4, 25],
			"rotation": {
				"angle": -45,
				"axis": "x",
				"origin": [14.05, 4, 9]
			},
			"faces": {
				"north": {
					"uv": [14, 13.5, 16, 15.5],
					"texture": "#texture"
				},
				"east": {
					"uv": [0, 0, 16, 2],
					"texture": "#texture"
				},
				"south": {
					"uv": [14, 13.5, 16, 15.5],
					"texture": "#texture"
				},
				"west": {
					"uv": [0, 0, 16, 2],
					"texture": "#texture"
				},
				"up": {
					"uv": [14, 0, 16, 16],
					"texture": "#texture"
				},
				"down": {
					"uv": [14, 0, 16, 16],
					"texture": "#texture"
				}
			}
		},
		{
			"name": "cube",
			"from": [13.75, 14, 9],
			"to": [16.25, 16, 21],
			"faces": {
				"north": {
					"uv": [0, 1, 2.25, 3],
					"texture": "#texture"
				},
				"east": {"uv": [2, 0, 14, 2], "texture": "#0"},
				"south": {
					"uv": [13.75, 1, 16, 3],
					"texture": "#texture"
				},
				"west": {"uv": [2, 0, 14, 2], "texture": "#0"},
				"up": {"uv": [0, 2, 3, 14], "texture": "#0"},
				"down": {"uv": [0, 2, 3, 14], "texture": "#texture"}
			}
		},
		{
			"name": "cube",
			"from": [13.75, 2, 9],
			"to": [16.25, 4, 21],
			"faces": {
				"north": {
					"uv": [0, 13, 2.5, 15],
					"texture": "#texture"
				},
				"east": {"uv": [2, 13, 14, 15], "texture": "#0"},
				"south": {
					"uv": [13.5, 13, 16, 15],
					"texture": "#texture"
				},
				"west": {"uv": [2, 13, 14, 15], "texture": "#0"},
				"up": {"uv": [13, 2, 15.5, 14], "texture": "#0"},
				"down": {"uv": [13, 2, 15.5, 14], "texture": "#0"}
			}
		},
		{
			"name": "cube",
			"from": [14.06, 13.5, 9.900000000000002],
			"to": [15.81, 15.5, 25.899990000000003],
			"rotation": {
				"angle": 45,
				"axis": "x",
				"origin": [14.06, 15.5, 9.900000000000002]
			},
			"faces": {
				"north": {
					"uv": [13.25, 2, 15, 4],
					"texture": "#texture"
				},
				"east": {
					"uv": [0, 0, 15.99999, 2],
					"texture": "#texture"
				},
				"south": {
					"uv": [13.25, 2, 15, 4],
					"texture": "#texture"
				},
				"west": {
					"uv": [0, 0, 15.99999, 2],
					"texture": "#texture"
				},
				"up": {
					"uv": [13.25, 0, 15, 15.99999],
					"texture": "#texture"
				},
				"down": {
					"uv": [13.25, 0, 15, 15.99999],
					"texture": "#texture"
				}
			}
		},
		{
			"name": "cube",
			"from": [13, 0, 21],
			"to": [17, 16, 22],
			"faces": {
				"north": {"uv": [6, 0, 10, 16], "texture": "#1"},
				"east": {
					"uv": [0, 0, 1, 16],
					"texture": "#0"
				},
				"south": {"uv": [6, 0, 10, 16], "texture": "#1"},
				"west": {
					"uv": [15, 0, 16, 16],
					"texture": "#0"
				},
				"up": {"uv": [6, 15, 10, 16], "texture": "#0"},
				"down": {
					"uv": [0, 0, 1.5, 2.5],
					"texture": "#texture"
				}
			}
		}
	]
}