{
	"textures": {
		"0": "block/button_jungle",
		"particle": "block/button_jungle"
	},
	"elements": [
		{
			"name": "cube",
			"from": [5, 0, 5],
			"to": [11, 1, 11],
			"faces": {
				"north": {"uv": [5, 14, 11, 15], "texture": "#0"},
				"east": {"uv": [5, 14, 11, 15], "texture": "#0"},
				"south": {"uv": [5, 14, 11, 15], "texture": "#0"},
				"west": {"uv": [5, 14, 11, 15], "texture": "#0"},
				"up": {"uv": [5, 11, 11, 5], "texture": "#0"},
				"down": {
					"uv": [5, 5, 11, 11],
					"texture": "#0",
					"cullface": "down"
				}
			}
		}
	]
}