{
	"textures": {
		"base": "block/lever_base",
		"lever": "block/lever",
		"particle": "block/cobblestone"
	},
	"elements": [
		{
			"name": "Base",
			"from": [5, 0, 4],
			"to": [11, 3, 12],
			"faces": {
				"north": {
					"uv": [5, 1, 11, 4],
					"texture": "#base",
					"rotation": 180
				},
				"east": {
					"uv": [11, 4, 14, 12],
					"texture": "#base",
					"rotation": 90
				},
				"south": {
					"uv": [5, 12, 11, 15],
					"texture": "#base"
				},
				"west": {
					"uv": [2, 4, 5, 12],
					"texture": "#base",
					"rotation": 270
				},
				"up": {"uv": [5, 4, 11, 12], "texture": "#base"},
				"down": {"uv": [5, 4, 11, 12], "texture": "#base"}
			}
		},
		{
			"name": "Lever",
			"from": [7, 1, 9.5],
			"to": [9, 14, 11.5],
			"faces": {
				"north": {"uv": [7, 2, 9, 16], "texture": "#lever"},
				"east": {"uv": [7, 2, 9, 16], "texture": "#lever"},
				"south": {"uv": [7, 2, 9, 16], "texture": "#lever"},
				"west": {"uv": [7, 2, 9, 16], "texture": "#lever"},
				"up": {"uv": [7, 4, 9, 6], "texture": "#lever"},
				"down": {"uv": [7, 6, 9, 8], "texture": "#lever"}
			},
			"rotation": {
				"origin": [8, 0, 10.5],
				"axis": "x",
				"angle": -45
			}
		},
		{
			"name": "Top",
			"from": [6.5, 12.5, 8.75],
			"to": [9.5, 13.5, 11.75],
			"faces": {
				"north": {"uv": [6, 3, 9, 4], "texture": "#lever"},
				"east": {"uv": [6, 3, 9, 4], "texture": "#lever"},
				"south": {"uv": [6, 3, 9, 4], "texture": "#lever"},
				"west": {"uv": [6, 3, 9, 4], "texture": "#lever"},
				"up": {"uv": [7, 7, 9, 9], "texture": "#lever"},
				"down": {"uv": [7, 7, 9, 9], "texture": "#lever"}
			},
			"rotation": {
				"origin": [7.5, 0.5, 10.75],
				"axis": "x",
				"angle": -45
			}
		},
		{
			"name": "Bottom",
			"from": [6.5, 9.75, 11.5],
			"to": [9.5, 10.75, 14.5],
			"faces": {
				"north": {"uv": [6, 3, 9, 4], "texture": "#lever"},
				"east": {"uv": [6, 3, 9, 4], "texture": "#lever"},
				"south": {"uv": [6, 3, 9, 4], "texture": "#lever"},
				"west": {"uv": [6, 3, 9, 4], "texture": "#lever"},
				"up": {"uv": [7, 7, 9, 9], "texture": "#lever"},
				"down": {"uv": [7, 7, 9, 9], "texture": "#lever"}
			},
			"rotation": {
				"origin": [7.5, -2.25, 13.5],
				"axis": "x",
				"angle": -45
			}
		}
	],
	"ambientocclusion": false
}