{
	"ambientocclusion": false,
	"textures": {
		"1": "block/potatoes_stage3",
		"2": "block/potatoes_base",
		"particle": "block/potatoes_stage3"
	},
	"elements": [
		{
			"from": [4, -1, 0],
			"to": [4, 14, 16],
			"faces": {
				"east": {"uv": [0, 0, 16, 15], "texture": "#1"},
				"west": {"uv": [0, 0, 16, 15], "texture": "#1"}
			}
		},
		{
			"from": [12, -1, 0],
			"to": [12, 14, 16],
			"faces": {
				"east": {"uv": [0, 0, 16, 15], "texture": "#1"},
				"west": {"uv": [0, 0, 16, 15], "texture": "#1"}
			}
		},
		{
			"from": [0, -1, 4],
			"to": [16, 14, 4],
			"faces": {
				"north": {"uv": [0, 0, 16, 15], "texture": "#1"},
				"south": {"uv": [0, 0, 16, 15], "texture": "#1"}
			}
		},
		{
			"from": [0, -1, 12],
			"to": [16, 14, 12],
			"faces": {
				"north": {"uv": [0, 0, 16, 15], "texture": "#1"},
				"south": {"uv": [0, 0, 16, 15], "texture": "#1"}
			}
		},
		{
			"from": [2.5, -1, 2.5],
			"to": [6.5, 1, 7.5],
			"faces": {
				"north": {"uv": [9, 14, 13, 16], "texture": "#2"},
				"east": {"uv": [2, 14, 7, 16], "texture": "#2"},
				"south": {"uv": [9, 14, 13, 16], "texture": "#2"},
				"west": {"uv": [2, 14, 7, 16], "texture": "#2"},
				"up": {"uv": [10, 8, 14, 13], "texture": "#2"},
				"down": {"uv": [10, 8, 14, 13], "texture": "#2"}
			}
		},
		{
			"from": [2.5, -1, 9.5],
			"to": [7.5, 1, 13.5],
			"faces": {
				"north": {"uv": [2, 14, 7, 16], "texture": "#2"},
				"east": {"uv": [9, 14, 13, 16], "texture": "#2"},
				"south": {"uv": [2, 14, 7, 16], "texture": "#2"},
				"west": {"uv": [9, 14, 13, 16], "texture": "#2"},
				"up": {"uv": [2, 9, 7, 13], "texture": "#2"},
				"down": {"uv": [2, 9, 7, 13], "texture": "#2"}
			}
		},
		{
			"from": [8.5, -1, 2.5],
			"to": [13.5, 1, 6.5],
			"faces": {
				"north": {"uv": [2, 14, 7, 16], "texture": "#2"},
				"east": {"uv": [9, 14, 13, 16], "texture": "#2"},
				"south": {"uv": [2, 14, 7, 16], "texture": "#2"},
				"west": {"uv": [9, 14, 13, 16], "texture": "#2"},
				"up": {"uv": [2, 9, 7, 13], "texture": "#2"},
				"down": {"uv": [2, 9, 7, 13], "texture": "#2"}
			}
		},
		{
			"from": [9.5, -1, 8.5],
			"to": [13.5, 1, 13.5],
			"faces": {
				"north": {"uv": [9, 14, 13, 16], "texture": "#2"},
				"east": {"uv": [2, 14, 7, 16], "texture": "#2"},
				"south": {"uv": [9, 14, 13, 16], "texture": "#2"},
				"west": {"uv": [2, 14, 7, 16], "texture": "#2"},
				"up": {"uv": [10, 8, 14, 13], "texture": "#2"},
				"down": {"uv": [10, 8, 14, 13], "texture": "#2"}
			}
		}
	]
}