{
	"textures": {
		"0": "block/redstone_torch_base",
		"particle": "block/redstone_torch"		
	},
	"elements": [
		{
			"name": "Torch",
			"from": [3, 6, 7],
			"to": [5, 12, 9],
			"shade": false,
			"faces": {
				"north": {"uv": [7, 9, 9, 15], "texture": "#0"},
				"east": {"uv": [7, 9, 9, 15], "texture": "#0"},
				"south": {"uv": [7, 9, 9, 15], "texture": "#0"},
				"west": {"uv": [7, 9, 9, 15], "texture": "#0"},
				"up": {"uv": [7, 6, 9, 8], "texture": "#0"},
				"down": {"uv": [13, 13, 15, 15], "texture": "#0"}
			},
			"rotation": {
				"origin": [7, 10, 8],
				"axis": "z",
				"angle": 0
			}
		},
		{
			"name": "Grip",
			"from": [2.5, 7, 6.5],
			"to": [5.5, 8, 9.5],
			"shade": false,
			"faces": {
				"north": {"uv": [7, 15, 10, 16], "texture": "#0"},
				"east": {"uv": [7, 15, 10, 16], "texture": "#0"},
				"south": {"uv": [7, 15, 10, 16], "texture": "#0"},
				"west": {"uv": [7, 15, 10, 16], "texture": "#0"},
				"up": {"uv": [7, 15, 10, 16], "texture": "#0"},
				"down": {"uv": [7, 15, 10, 16], "texture": "#0"}
			},
			"rotation": {
				"origin": [7, 10, 8],
				"axis": "z",
				"angle": 0
			}
		},
		{
			"name": "Plate",
			"from": [2, 5, 6],
			"to": [6, 6, 10],
			"shade": false,
			"faces": {
				"north": {"uv": [6, 15, 10, 16], "texture": "#0"},
				"east": {"uv": [6, 15, 10, 16], "texture": "#0"},
				"south": {"uv": [6, 15, 10, 16], "texture": "#0"},
				"west": {"uv": [6, 15, 10, 16], "texture": "#0"},
				"up": {"uv": [12, 12, 16, 16], "texture": "#0"},
				"down": {"uv": [12, 12, 16, 16], "texture": "#0"}
			},
			"rotation": {
				"origin": [7, 6, 8],
				"axis": "z",
				"angle": 0
			}
		},
		{
			"name": "Wall",
			"from": [0, 4, 6],
			"to": [1, 14, 10],
			"shade": false,
			"faces": {
				"north": {"uv": [0, 3, 1, 13], "texture": "#0"},
				"east": {"uv": [0, 3, 4, 13], "texture": "#0"},
				"south": {"uv": [3, 3, 4, 13], "texture": "#0"},
				"west": {"uv": [0, 3, 4, 13], "texture": "#0"},
				"up": {"uv": [0, 9, 1, 13], "texture": "#0"},
				"down": {"uv": [3, 9, 4, 13], "texture": "#0"}
			},
			"rotation": {
				"origin": [4, 11, 8],
				"axis": "z",
				"angle": 0
			}
		},
		{
			"name": "WallGrip",
			"from": [1, 6, 7.25],
			"to": [3, 7, 8.75],
			"shade": false,
			"faces": {
				"north": {"uv": [0, 12, 2, 13], "texture": "#0"},
				"east": {"uv": [0, 12, 2, 13], "texture": "#0"},
				"south": {"uv": [0, 12, 2, 13], "texture": "#0"},
				"west": {"uv": [0, 12, 2, 13], "texture": "#0"},
				"up": {"uv": [0, 11, 2, 13], "texture": "#0"},
				"down": {"uv": [0, 11, 2, 13], "texture": "#0"}
			},
			"rotation": {
				"origin": [2, 6.5, 8],
				"axis": "z",
				"angle": 0
			}
		},
		{
			"name": "Wick",
			"from": [3.5, 12, 8],
			"to": [4.5, 13, 8],
			"shade": false,
			"faces": {
				"north": {"uv": [14, 10, 15, 11], "texture": "#0"},
				"south": {"uv": [14, 10, 15, 11], "texture": "#0"}
			},
			"rotation": {
				"origin": [4, 12.5, 8],
				"axis": "y",
				"angle": 45
			}
		}
	],
	"ambientocclusion": false
}