{
	"parent": "block/block",
	"textures": {
		"bottom": "block/barrel_bottom",
		"side": "block/barrel_side",
		"particle": "block/barrel_side",
		"top": "block/barrel_top"
	},
	"elements": [
		{
			"from": [0, 0, 0],
			"to": [1, 16, 16],
			"faces": {
				"north": {"uv": [15, 0, 16, 16], "texture": "#side"},
				"east": {"uv": [1, 1, 2, 2], "texture": "#top"},
				"south": {"uv": [0, 0, 1, 16], "texture": "#side"},
				"west": {"uv": [0, 0, 16, 16], "texture": "#side"},
				"up": {"uv": [0, 0, 1, 16], "texture": "#top"},
				"down": {"uv": [0, 0, 1, 16], "texture": "#bottom"}
			}
		},
		{
			"from": [15, 0, 0],
			"to": [16, 16, 16],
			"faces": {
				"north": {"uv": [0, 0, 1, 16], "texture": "#side"},
				"east": {"uv": [0, 0, 16, 16], "texture": "#side"},
				"south": {"uv": [15, 0, 16, 16], "texture": "#side"},
				"west": {"uv": [1, 1, 2, 2], "texture": "#top"},
				"up": {"uv": [15, 0, 16, 16], "texture": "#top"},
				"down": {"uv": [15, 0, 16, 16], "texture": "#bottom"}
			}
		},
		{
			"from": [1, 0, 0],
			"to": [15, 16, 1],
			"faces": {
				"north": {"uv": [1, 0, 15, 16], "texture": "#side"},
				"east": {"uv": [0, 0, 1, 1], "texture": "#side"},
				"south": {"uv": [1, 1, 2, 2], "texture": "#top"},
				"west": {"uv": [0, 0, 1, 1], "texture": "#side"},
				"up": {"uv": [1, 0, 15, 1], "texture": "#top"},
				"down": {"uv": [2, 15, 14, 16], "texture": "#bottom"}
			}
		},
		{
			"from": [1, 0, 15],
			"to": [15, 16, 16],
			"faces": {
				"north": {"uv": [1, 1, 2, 2], "texture": "#top"},
				"east": {"uv": [0, 0, 1, 1], "texture": "#side"},
				"south": {"uv": [1, 0, 15, 16], "texture": "#side"},
				"west": {"uv": [0, 0, 1, 1], "texture": "#side"},
				"up": {"uv": [1, 15, 15, 16], "texture": "#top"},
				"down": {"uv": [2, 0, 14, 1], "texture": "#bottom"}
			}
		},
		{
			"from": [1, 0, 1],
			"to": [15, 15, 15],
			"faces": {
				"up": {"uv": [1, 1, 15, 15], "texture": "#top"},
				"down": {"uv": [1, 1, 15, 15], "texture": "#bottom"}
			}
		}
	]
}