{
	"parent": "block/block",
	"textures": {
		"0": "block/dragon_bell_top",
		"1": "block/dragon_bell_bottom",
		"all": "block/dragon_bell",
		"particle": "block/dragon_bell"
	},
	"elements": [
		{
			"name": "cube",
			"from": [6, 14, 6],
			"to": [10, 16, 10],
			"faces": {
				"north": {"uv": [6, 0, 10, 2], "texture": "#all"},
				"east": {"uv": [6, 0, 10, 2], "texture": "#all"},
				"south": {"uv": [6, 0, 10, 2], "texture": "#all"},
				"west": {"uv": [6, 0, 10, 2], "texture": "#all"},
				"up": {"uv": [6, 6, 10, 10], "texture": "#0"},
				"down": {"uv": [6, 6, 10, 10], "texture": "#all"}
			},
			"type": "cube"
		},
		{
			"name": "cube",
			"from": [5, 13, 5],
			"to": [11, 14, 11],
			"faces": {
				"north": {"uv": [5, 2, 11, 3], "texture": "#all"},
				"east": {"uv": [5, 2, 11, 3], "texture": "#all"},
				"south": {"uv": [5, 2, 11, 3], "texture": "#all"},
				"west": {"uv": [5, 2, 11, 3], "texture": "#all"},
				"up": {"uv": [5, 5, 11, 11], "texture": "#0"},
				"down": {"uv": [5, 5, 11, 11], "texture": "#all"}
			},
			"type": "cube"
		},
		{
			"name": "cube",
			"from": [4, 11, 4],
			"to": [12, 13, 12],
			"faces": {
				"north": {"uv": [4, 3, 12, 5], "texture": "#all"},
				"east": {"uv": [4, 3, 12, 5], "texture": "#all"},
				"south": {"uv": [4, 3, 12, 5], "texture": "#all"},
				"west": {"uv": [4, 3, 12, 5], "texture": "#all"},
				"up": {"uv": [4, 4, 12, 12], "texture": "#0"},
				"down": {"uv": [2, 2, 14, 14], "texture": "#all"}
			},
			"type": "cube"
		},
		{
			"name": "cube",
			"from": [3, 4, 3],
			"to": [13, 11, 13],
			"faces": {
				"north": {"uv": [3, 5, 13, 12], "texture": "#all"},
				"east": {"uv": [3, 5, 13, 12], "texture": "#all"},
				"south": {"uv": [3, 5, 13, 12], "texture": "#all"},
				"west": {"uv": [3, 5, 13, 12], "texture": "#all"},
				"up": {"uv": [3, 3, 13, 13], "texture": "#0"},
				"down": {"uv": [1, 1, 15, 15], "texture": "#all"}
			},
			"type": "cube"
		},
		{
			"name": "cube",
			"from": [2, 0, 2],
			"to": [14, 4, 14],
			"faces": {
				"north": {"uv": [2, 12, 14, 16], "texture": "#all"},
				"east": {"uv": [2, 12, 14, 16], "texture": "#all"},
				"south": {"uv": [2, 12, 14, 16], "texture": "#all"},
				"west": {"uv": [2, 12, 14, 16], "texture": "#all"},
				"up": {"uv": [2, 2, 14, 14], "texture": "#0"},
				"down": {"uv": [2, 2, 14, 14], "texture": "#1"}
			},
			"type": "cube"
		}
	]
}