{
	"textures": {
		"0": "block/soul_torch_base",
		"particle": "block/soul_torch"
	},
	"elements": [
		{
			"name": "Torch",
			"from": [3, 2, 7],
			"to": [5, 12, 9],
			"shade": false,
			"faces": {
				"north": {
					"uv": [7, 6, 9, 16],
					"texture": "#particle"
				},
				"east": {
					"uv": [7, 6, 9, 16],
					"texture": "#particle"
				},
				"south": {
					"uv": [7, 6, 9, 16],
					"texture": "#particle"
				},
				"west": {
					"uv": [7, 6, 9, 16],
					"texture": "#particle"
				},
				"up": {"uv": [7, 6, 9, 8], "texture": "#0"},
				"down": {"uv": [7, 14, 9, 16], "texture": "#0"}
			},
			"rotation": {
				"origin": [7, 10, 8],
				"axis": "z",
				"angle": 0
			}
		},
		{
			"name": "Plane",
			"from": [3, 2, 0],
			"to": [5, 18, 16],
			"shade": false,
			"faces": {
				"east": {
					"uv": [0, 0, 16, 16],
					"texture": "#particle"
				},
				"west": {
					"uv": [0, 0, 16, 16],
					"texture": "#particle"
				}
			},
			"rotation": {
				"origin": [7, 10, 8],
				"axis": "z",
				"angle": 0
			}
		},
		{
			"name": "PlaneB",
			"from": [-4, 2, 7],
			"to": [12, 18, 9],
			"shade": false,
			"faces": {
				"north": {
					"uv": [0, 0, 16, 16],
					"texture": "#particle"
				},
				"south": {
					"uv": [0, 0, 16, 16],
					"texture": "#particle"
				}
			},
			"rotation": {
				"origin": [7, 10, 8],
				"axis": "z",
				"angle": 0
			}
		},
		{
			"name": "Grip",
			"from": [2.5, 7, 6.5],
			"to": [5.5, 8, 9.5],
			"shade": false,
			"faces": {
				"north": {"uv": [7, 10, 10, 11], "texture": "#0"},
				"east": {"uv": [7, 10, 10, 11], "texture": "#0"},
				"south": {"uv": [7, 10, 10, 11], "texture": "#0"},
				"west": {"uv": [7, 10, 10, 11], "texture": "#0"},
				"up": {"uv": [7, 10, 10, 11], "texture": "#0"},
				"down": {"uv": [7, 10, 10, 11], "texture": "#0"}
			},
			"rotation": {
				"origin": [7, 10, 8],
				"axis": "z",
				"angle": 0
			}
		},
		{
			"name": "Holder",
			"from": [2, 9, 6],
			"to": [6, 10, 10],
			"shade": false,
			"faces": {
				"north": {"uv": [6, 8, 10, 9], "texture": "#0"},
				"east": {"uv": [6, 8, 10, 9], "texture": "#0"},
				"south": {"uv": [6, 8, 10, 9], "texture": "#0"},
				"west": {"uv": [6, 8, 10, 9], "texture": "#0"},
				"up": {"uv": [12, 12, 16, 16], "texture": "#0"},
				"down": {"uv": [12, 12, 16, 16], "texture": "#0"}
			},
			"rotation": {
				"origin": [7, 10, 8],
				"axis": "z",
				"angle": 0
			}
		},
		{
			"name": "HolderA",
			"from": [5, 10, 6],
			"to": [6, 12, 7],
			"shade": false,
			"faces": {
				"north": {"uv": [6, 6, 7, 8], "texture": "#0"},
				"east": {"uv": [9, 6, 10, 8], "texture": "#0"},
				"south": {"uv": [9, 6, 10, 8], "texture": "#0"},
				"west": {"uv": [9, 6, 10, 8], "texture": "#0"},
				"up": {"uv": [9, 6, 10, 7], "texture": "#0"}
			},
			"rotation": {
				"origin": [7, 10, 8],
				"axis": "z",
				"angle": 0
			}
		},
		{
			"name": "HolderB",
			"from": [2, 10, 6],
			"to": [3, 12, 7],
			"shade": false,
			"faces": {
				"north": {"uv": [9, 6, 10, 8], "texture": "#0"},
				"east": {"uv": [9, 6, 10, 8], "texture": "#0"},
				"south": {"uv": [9, 6, 10, 8], "texture": "#0"},
				"west": {"uv": [6, 6, 7, 8], "texture": "#0"},
				"up": {"uv": [9, 6, 10, 7], "texture": "#0"}
			},
			"rotation": {
				"origin": [7, 10, 8],
				"axis": "z",
				"angle": 0
			}
		},
		{
			"name": "HolderC",
			"from": [2, 10, 9],
			"to": [3, 12, 10],
			"shade": false,
			"faces": {
				"north": {"uv": [9, 6, 10, 8], "texture": "#0"},
				"east": {"uv": [9, 6, 10, 8], "texture": "#0"},
				"south": {"uv": [6, 6, 7, 8], "texture": "#0"},
				"west": {"uv": [9, 6, 10, 8], "texture": "#0"},
				"up": {"uv": [9, 6, 10, 7], "texture": "#0"}
			},
			"rotation": {
				"origin": [7, 10, 8],
				"axis": "z",
				"angle": 0
			}
		},
		{
			"name": "HolderD",
			"from": [5, 10, 9],
			"to": [6, 12, 10],
			"shade": false,
			"faces": {
				"north": {"uv": [9, 6, 10, 8], "texture": "#0"},
				"east": {"uv": [6, 6, 7, 8], "texture": "#0"},
				"south": {"uv": [9, 6, 10, 8], "texture": "#0"},
				"west": {"uv": [9, 6, 10, 8], "texture": "#0"},
				"up": {"uv": [9, 6, 10, 7], "texture": "#0"}
			},
			"rotation": {
				"origin": [7, 10, 8],
				"axis": "z",
				"angle": 0
			}
		},
		{
			"name": "Wall",
			"from": [0, 3, 6],
			"to": [1, 13, 10],
			"shade": false,
			"faces": {
				"north": {"uv": [0, 3, 1, 13], "texture": "#0"},
				"east": {"uv": [0, 3, 4, 13], "texture": "#0"},
				"south": {"uv": [3, 3, 4, 13], "texture": "#0"},
				"west": {"uv": [0, 3, 4, 13], "texture": "#0"},
				"up": {"uv": [0, 9, 1, 13], "texture": "#0"},
				"down": {"uv": [3, 9, 4, 13], "texture": "#0"}
			},
			"rotation": {
				"origin": [4, 11, 8],
				"axis": "z",
				"angle": 0
			}
		},
		{
			"name": "WallGrip",
			"from": [1, 8, 7],
			"to": [3, 9, 9],
			"shade": false,
			"faces": {
				"north": {"uv": [0, 12, 2, 13], "texture": "#0"},
				"east": {"uv": [0, 12, 2, 13], "texture": "#0"},
				"south": {"uv": [0, 12, 2, 13], "texture": "#0"},
				"west": {"uv": [0, 12, 2, 13], "texture": "#0"},
				"up": {"uv": [0, 11, 2, 13], "texture": "#0"},
				"down": {"uv": [0, 11, 2, 13], "texture": "#0"}
			},
			"rotation": {
				"origin": [3.25, 8.5, 7.75],
				"axis": "z",
				"angle": 0
			}
		},
		{
			"name": "WallGripA",
			"from": [1, 5, 6.900000000000001],
			"to": [5.1, 6, 9.100000000000001],
			"shade": false,
			"faces": {
				"north": {"uv": [0, 12, 4, 13], "texture": "#0"},
				"east": {"uv": [0, 12, 2, 13], "texture": "#0"},
				"south": {"uv": [0, 12, 4, 13], "texture": "#0"},
				"west": {"uv": [0, 12, 2, 13], "texture": "#0"},
				"up": {"uv": [0, 11, 4, 13], "texture": "#0"},
				"down": {"uv": [0, 11, 4, 13], "texture": "#0"}
			},
			"rotation": {
				"origin": [3.25, 5.5, 7.650000000000002],
				"axis": "z",
				"angle": 0
			}
		}
	],
	"ambientocclusion": false
}